﻿{"cameraMode":{"drawMode":0,"name":"Shaded","section":"Shading Mode"},"sceneLighting":true,"audioPlay":false,"sceneViewState":{"m_AlwaysRefresh":false,"showFog":true,"showSkybox":true,"showFlares":true,"showImageEffects":true,"showParticleSystems":true,"showVisualEffectGraphs":true,"m_FxEnabled":true},"in2DMode":false,"pivot":{"x":0.4776613712310791,"y":0.3917946219444275,"z":-4.464236259460449},"rotation":{"x":0.4306981861591339,"y":0.3503860533237457,"z":-0.18617145717144013,"w":0.8105996251106262},"size":1.6403549909591675,"orthographic":false}